,Long10,Lat10,biome
Cell_104,-61.23004659,4.500803036,Amazonia
Cell_106,-60.23004659,4.500803036,Amazonia
Cell_260,-61.23004659,3.500803036,Amazonia
Cell_333,-63.73004659,3.000803036,Amazonia
Cell_339,-60.73004659,3.000803036,Amazonia
Cell_411,-63.73004659,2.500803036,Amazonia
Cell_572,-61.23004659,1.500803036,Amazonia
Cell_593,-50.73004659,1.500803036,Amazonia
Cell_794,-67.23004659,0.000803036,Amazonia
Cell_826,-51.23004659,0.000803036,Amazonia
Cell_876,-65.23004659,-0.499196964,Amazonia
Cell_909,-48.73004659,-0.499196964,Amazonia
Cell_975,-54.73004659,-0.999196964,Amazonia
Cell_987,-48.73004659,-0.999196964,Amazonia
Cell_988,-48.23004659,-0.999196964,Amazonia
Cell_989,-47.73004659,-0.999196964,Amazonia
Cell_991,-46.73004659,-0.999196964,Amazonia
Cell_1050,-56.23004659,-1.499196964,Amazonia
Cell_1051,-55.73004659,-1.499196964,Amazonia
Cell_1057,-52.73004659,-1.499196964,Amazonia
Cell_1064,-49.23004659,-1.499196964,Amazonia
Cell_1065,-48.73004659,-1.499196964,Amazonia
Cell_1067,-47.73004659,-1.499196964,Amazonia
Cell_1068,-47.23004659,-1.499196964,Amazonia
Cell_1118,-61.23004659,-1.999196964,Amazonia
Cell_1128,-56.23004659,-1.999196964,Amazonia
Cell_1129,-55.73004659,-1.999196964,Amazonia
Cell_1139,-50.73004659,-1.999196964,Amazonia
Cell_1197,-60.73004659,-2.499196964,Amazonia
Cell_1199,-59.73004659,-2.499196964,Amazonia
Cell_1209,-54.73004659,-2.499196964,Amazonia
Cell_1230,-44.23004659,-2.499196964,Amazonia
Cell_1276,-60.23004659,-2.999196964,Amazonia
Cell_1277,-59.73004659,-2.999196964,Amazonia
Cell_1306,-45.23004659,-2.999196964,Amazonia
Cell_1308,-44.23004659,-2.999196964,Amazonia
Cell_1353,-60.73004659,-3.499196964,Amazonia
Cell_1388,-43.23004659,-3.499196964,Cerrado
Cell_1392,-41.23004659,-3.499196964,Caatinga
Cell_1453,-49.73004659,-3.999196964,Amazonia
Cell_1469,-41.73004659,-3.999196964,Caatinga
Cell_1471,-40.73004659,-3.999196964,Caatinga
Cell_1518,-56.23004659,-4.499196964,Amazonia
Cell_1610,-49.23004659,-4.999196964,Amazonia
Cell_1688,-49.23004659,-5.499196964,Amazonia
Cell_1715,-35.73004659,-5.499196964,Caatinga
Cell_1742,-61.23004659,-5.999196964,Amazonia
Cell_1761,-51.73004659,-5.999196964,Amazonia
Cell_1764,-50.23004659,-5.999196964,Amazonia
Cell_1794,-35.23004659,-5.999196964,Atlantica
Cell_1838,-52.23004659,-6.499196964,Amazonia
Cell_1854,-44.23004659,-6.499196964,Cerrado
Cell_1872,-35.23004659,-6.499196964,Atlantica
Cell_1891,-64.73004659,-6.999196964,Amazonia
Cell_1904,-58.23004659,-6.999196964,Amazonia
Cell_1918,-51.23004659,-6.999196964,Amazonia
Cell_1924,-48.23004659,-6.999196964,Amazonia
Cell_1926,-47.23004659,-6.999196964,Cerrado
Cell_1928,-46.23004659,-6.999196964,Cerrado
Cell_1930,-45.23004659,-6.999196964,Cerrado
Cell_1934,-43.23004659,-6.999196964,Caatinga
Cell_1948,-36.23004659,-6.999196964,Caatinga
Cell_1949,-35.73004659,-6.999196964,Caatinga
Cell_1950,-35.23004659,-6.999196964,Atlantica
Cell_1953,-72.73004659,-7.499196964,Amazonia
Cell_1972,-63.23004659,-7.499196964,Amazonia
Cell_1983,-57.73004659,-7.499196964,Amazonia
Cell_2003,-47.73004659,-7.499196964,Cerrado
Cell_2004,-47.23004659,-7.499196964,Cerrado
Cell_2006,-46.23004659,-7.499196964,Cerrado
Cell_2008,-45.23004659,-7.499196964,Cerrado
Cell_2022,-38.23004659,-7.499196964,Caatinga
Cell_2028,-35.23004659,-7.499196964,Atlantica
Cell_2031,-72.73004659,-7.999196964,Amazonia
Cell_2060,-58.23004659,-7.999196964,Amazonia
Cell_2062,-57.23004659,-7.999196964,Amazonia
Cell_2077,-49.73004659,-7.999196964,Amazonia
Cell_2081,-47.73004659,-7.999196964,Cerrado
Cell_2100,-38.23004659,-7.999196964,Caatinga
Cell_2104,-36.23004659,-7.999196964,Caatinga
Cell_2105,-35.73004659,-7.999196964,Caatinga
Cell_2106,-35.23004659,-7.999196964,Atlantica
Cell_2143,-55.73004659,-8.499196964,Amazonia
Cell_2156,-49.23004659,-8.499196964,Cerrado
Cell_2158,-48.23004659,-8.499196964,Cerrado
Cell_2177,-38.73004659,-8.499196964,Caatinga
Cell_2178,-38.23004659,-8.499196964,Caatinga
Cell_2180,-37.23004659,-8.499196964,Caatinga
Cell_2181,-36.73004659,-8.499196964,Caatinga
Cell_2182,-36.23004659,-8.499196964,Caatinga
Cell_2183,-35.73004659,-8.499196964,Atlantica
Cell_2184,-35.23004659,-8.499196964,Atlantica
Cell_2187,-72.73004659,-8.999196964,Amazonia
Cell_2205,-63.73004659,-8.999196964,Amazonia
Cell_2235,-48.73004659,-8.999196964,Amazonia
Cell_2238,-47.23004659,-8.999196964,Cerrado
Cell_2252,-40.23004659,-8.999196964,Caatinga
Cell_2260,-36.23004659,-8.999196964,Atlantica
Cell_2261,-35.73004659,-8.999196964,Atlantica
Cell_2262,-35.23004659,-8.999196964,Atlantica
Cell_2317,-46.73004659,-9.499196964,Cerrado
Cell_2321,-44.73004659,-9.499196964,Cerrado
Cell_2338,-36.23004659,-9.499196964,Atlantica
Cell_2339,-35.73004659,-9.499196964,Atlantica
Cell_2353,-67.73004659,-9.999196964,Amazonia
Cell_2372,-58.23004659,-9.999196964,Amazonia
Cell_2383,-52.73004659,-9.999196964,Amazonia
Cell_2388,-50.23004659,-9.999196964,Cerrado
Cell_2392,-48.23004659,-9.999196964,Cerrado
Cell_2412,-38.23004659,-9.999196964,Caatinga
Cell_2450,-58.23004659,-10.49919696,Amazonia
Cell_2455,-55.73004659,-10.49919696,Amazonia
Cell_2470,-48.23004659,-10.49919696,Cerrado
Cell_2471,-47.73004659,-10.49919696,Cerrado
Cell_2473,-46.73004659,-10.49919696,Cerrado
Cell_2474,-46.23004659,-10.49919696,Cerrado
Cell_2484,-41.23004659,-10.49919696,Caatinga
Cell_2486,-40.23004659,-10.49919696,Caatinga
Cell_2490,-38.23004659,-10.49919696,Caatinga
Cell_2492,-37.23004659,-10.49919696,Atlantica
Cell_2493,-36.73004659,-10.49919696,Atlantica
Cell_2521,-61.73004659,-10.99919696,Amazonia
Cell_2534,-55.23004659,-10.99919696,Amazonia
Cell_2543,-50.73004659,-10.99919696,Cerrado
Cell_2547,-48.73004659,-10.99919696,Cerrado
Cell_2549,-47.73004659,-10.99919696,Cerrado
Cell_2553,-45.73004659,-10.99919696,Cerrado
Cell_2554,-45.23004659,-10.99919696,Cerrado
Cell_2562,-41.23004659,-10.99919696,Caatinga
Cell_2566,-39.23004659,-10.99919696,Caatinga
Cell_2567,-38.73004659,-10.99919696,Caatinga
Cell_2569,-37.73004659,-10.99919696,Atlantica
Cell_2570,-37.23004659,-10.99919696,Atlantica
Cell_2605,-58.73004659,-11.49919696,Amazonia
Cell_2607,-57.73004659,-11.49919696,Amazonia
Cell_2620,-51.23004659,-11.49919696,Cerrado
Cell_2624,-49.23004659,-11.49919696,Cerrado
Cell_2627,-47.73004659,-11.49919696,Cerrado
Cell_2629,-46.73004659,-11.49919696,Cerrado
Cell_2630,-46.23004659,-11.49919696,Cerrado
Cell_2640,-41.23004659,-11.49919696,Caatinga
Cell_2641,-40.73004659,-11.49919696,Caatinga
Cell_2644,-39.23004659,-11.49919696,Caatinga
Cell_2645,-38.73004659,-11.49919696,Caatinga
Cell_2646,-38.23004659,-11.49919696,Caatinga
Cell_2647,-37.73004659,-11.49919696,Atlantica
Cell_2677,-61.73004659,-11.99919696,Amazonia
Cell_2704,-48.23004659,-11.99919696,Cerrado
Cell_2705,-47.73004659,-11.99919696,Cerrado
Cell_2706,-47.23004659,-11.99919696,Cerrado
Cell_2709,-45.73004659,-11.99919696,Cerrado
Cell_2710,-45.23004659,-11.99919696,Cerrado
Cell_2711,-44.73004659,-11.99919696,Cerrado
Cell_2717,-41.73004659,-11.99919696,Caatinga
Cell_2718,-41.23004659,-11.99919696,Caatinga
Cell_2722,-39.23004659,-11.99919696,Atlantica
Cell_2723,-38.73004659,-11.99919696,Atlantica
Cell_2724,-38.23004659,-11.99919696,Atlantica
Cell_2725,-37.73004659,-11.99919696,Atlantica
Cell_2780,-49.23004659,-12.49919696,Cerrado
Cell_2786,-46.23004659,-12.49919696,Cerrado
Cell_2795,-41.73004659,-12.49919696,Caatinga
Cell_2796,-41.23004659,-12.49919696,Caatinga
Cell_2800,-39.23004659,-12.49919696,Caatinga
Cell_2801,-38.73004659,-12.49919696,Atlantica
Cell_2802,-38.23004659,-12.49919696,Atlantica
Cell_2843,-56.73004659,-12.99919696,Amazonia
Cell_2853,-51.73004659,-12.99919696,Cerrado
Cell_2856,-50.23004659,-12.99919696,Cerrado
Cell_2857,-49.73004659,-12.99919696,Cerrado
Cell_2860,-48.23004659,-12.99919696,Cerrado
Cell_2861,-47.73004659,-12.99919696,Cerrado
Cell_2863,-46.73004659,-12.99919696,Cerrado
Cell_2868,-44.23004659,-12.99919696,Cerrado
Cell_2873,-41.73004659,-12.99919696,Caatinga
Cell_2874,-41.23004659,-12.99919696,Caatinga
Cell_2877,-39.73004659,-12.99919696,Atlantica
Cell_2878,-39.23004659,-12.99919696,Atlantica
Cell_2918,-58.23004659,-13.49919696,Cerrado
Cell_2934,-50.23004659,-13.49919696,Cerrado
Cell_2938,-48.23004659,-13.49919696,Cerrado
Cell_2939,-47.73004659,-13.49919696,Cerrado
Cell_2940,-47.23004659,-13.49919696,Cerrado
Cell_2942,-46.23004659,-13.49919696,Cerrado
Cell_2944,-45.23004659,-13.49919696,Cerrado
Cell_2951,-41.73004659,-13.49919696,Caatinga
Cell_2952,-41.23004659,-13.49919696,Caatinga
Cell_2954,-40.23004659,-13.49919696,Atlantica
Cell_2955,-39.73004659,-13.49919696,Atlantica
Cell_2956,-39.23004659,-13.49919696,Atlantica
Cell_3008,-52.23004659,-13.99919696,Cerrado
Cell_3009,-51.73004659,-13.99919696,Cerrado
Cell_3014,-49.23004659,-13.99919696,Cerrado
Cell_3016,-48.23004659,-13.99919696,Cerrado
Cell_3017,-47.73004659,-13.99919696,Cerrado
Cell_3018,-47.23004659,-13.99919696,Cerrado
Cell_3020,-46.23004659,-13.99919696,Cerrado
Cell_3027,-42.73004659,-13.99919696,Caatinga
Cell_3032,-40.23004659,-13.99919696,Caatinga
Cell_3034,-39.23004659,-13.99919696,Atlantica
Cell_3070,-60.23004659,-14.49919696,Amazonia
Cell_3075,-57.73004659,-14.49919696,Amazonia
Cell_3078,-56.23004659,-14.49919696,Cerrado
Cell_3086,-52.23004659,-14.49919696,Cerrado
Cell_3092,-49.23004659,-14.49919696,Cerrado
Cell_3094,-48.23004659,-14.49919696,Cerrado
Cell_3095,-47.73004659,-14.49919696,Cerrado
Cell_3096,-47.23004659,-14.49919696,Cerrado
Cell_3097,-46.73004659,-14.49919696,Cerrado
Cell_3098,-46.23004659,-14.49919696,Cerrado
Cell_3099,-45.73004659,-14.49919696,Cerrado
Cell_3107,-41.73004659,-14.49919696,Caatinga
Cell_3112,-39.23004659,-14.49919696,Atlantica
Cell_3149,-59.73004659,-14.99919696,Amazonia
Cell_3153,-57.73004659,-14.99919696,Amazonia
Cell_3156,-56.23004659,-14.99919696,Cerrado
Cell_3164,-52.23004659,-14.99919696,Cerrado
Cell_3172,-48.23004659,-14.99919696,Cerrado
Cell_3173,-47.73004659,-14.99919696,Cerrado
Cell_3175,-46.73004659,-14.99919696,Cerrado
Cell_3176,-46.23004659,-14.99919696,Cerrado
Cell_3177,-45.73004659,-14.99919696,Cerrado
Cell_3183,-42.73004659,-14.99919696,Cerrado
Cell_3186,-41.23004659,-14.99919696,Atlantica
Cell_3190,-39.23004659,-14.99919696,Atlantica
Cell_3230,-58.23004659,-15.49919696,Amazonia
Cell_3232,-57.23004659,-15.49919696,Cerrado
Cell_3234,-56.23004659,-15.49919696,Cerrado
Cell_3235,-55.73004659,-15.49919696,Cerrado
Cell_3238,-54.23004659,-15.49919696,Cerrado
Cell_3242,-52.23004659,-15.49919696,Cerrado
Cell_3249,-48.73004659,-15.49919696,Cerrado
Cell_3250,-48.23004659,-15.49919696,Cerrado
Cell_3251,-47.73004659,-15.49919696,Cerrado
Cell_3252,-47.23004659,-15.49919696,Cerrado
Cell_3255,-45.73004659,-15.49919696,Cerrado
Cell_3261,-42.73004659,-15.49919696,Atlantica
Cell_3268,-39.23004659,-15.49919696,Atlantica
Cell_3312,-56.23004659,-15.99919696,Cerrado
Cell_3313,-55.73004659,-15.99919696,Cerrado
Cell_3324,-50.23004659,-15.99919696,Cerrado
Cell_3326,-49.23004659,-15.99919696,Cerrado
Cell_3327,-48.73004659,-15.99919696,Cerrado
Cell_3328,-48.23004659,-15.99919696,Cerrado
Cell_3329,-47.73004659,-15.99919696,Cerrado
Cell_3330,-47.23004659,-15.99919696,Cerrado
Cell_3332,-46.23004659,-15.99919696,Cerrado
Cell_3337,-43.73004659,-15.99919696,Cerrado
Cell_3338,-43.23004659,-15.99919696,Cerrado
Cell_3339,-42.73004659,-15.99919696,Cerrado
Cell_3342,-41.23004659,-15.99919696,Atlantica
Cell_3345,-39.73004659,-15.99919696,Atlantica
Cell_3389,-56.73004659,-16.49919696,Cerrado
Cell_3390,-56.23004659,-16.49919696,Cerrado
Cell_3393,-54.73004659,-16.49919696,Cerrado
Cell_3399,-51.73004659,-16.49919696,Cerrado
Cell_3401,-50.73004659,-16.49919696,Cerrado
Cell_3404,-49.23004659,-16.49919696,Cerrado
Cell_3405,-48.73004659,-16.49919696,Cerrado
Cell_3406,-48.23004659,-16.49919696,Cerrado
Cell_3407,-47.73004659,-16.49919696,Cerrado
Cell_3408,-47.23004659,-16.49919696,Cerrado
Cell_3412,-45.23004659,-16.49919696,Cerrado
Cell_3414,-44.23004659,-16.49919696,Cerrado
Cell_3415,-43.73004659,-16.49919696,Cerrado
Cell_3416,-43.23004659,-16.49919696,Cerrado
Cell_3417,-42.73004659,-16.49919696,Cerrado
Cell_3420,-41.23004659,-16.49919696,Atlantica
Cell_3422,-40.23004659,-16.49919696,Atlantica
Cell_3424,-39.23004659,-16.49919696,Atlantica
Cell_3467,-56.73004659,-16.99919696,Cerrado
Cell_3472,-54.23004659,-16.99919696,Cerrado
Cell_3478,-51.23004659,-16.99919696,Cerrado
Cell_3480,-50.23004659,-16.99919696,Cerrado
Cell_3481,-49.73004659,-16.99919696,Cerrado
Cell_3483,-48.73004659,-16.99919696,Cerrado
Cell_3485,-47.73004659,-16.99919696,Cerrado
Cell_3486,-47.23004659,-16.99919696,Cerrado
Cell_3487,-46.73004659,-16.99919696,Cerrado
Cell_3488,-46.23004659,-16.99919696,Cerrado
Cell_3492,-44.23004659,-16.99919696,Cerrado
Cell_3493,-43.73004659,-16.99919696,Cerrado
Cell_3494,-43.23004659,-16.99919696,Cerrado
Cell_3549,-54.73004659,-17.49919696,Cerrado
Cell_3552,-53.23004659,-17.49919696,Cerrado
Cell_3555,-51.73004659,-17.49919696,Cerrado
Cell_3560,-49.23004659,-17.49919696,Cerrado
Cell_3561,-48.73004659,-17.49919696,Cerrado
Cell_3563,-47.73004659,-17.49919696,Cerrado
Cell_3565,-46.73004659,-17.49919696,Cerrado
Cell_3566,-46.23004659,-17.49919696,Cerrado
Cell_3570,-44.23004659,-17.49919696,Cerrado
Cell_3580,-39.23004659,-17.49919696,Atlantica
Cell_3626,-55.23004659,-17.99919696,Cerrado
Cell_3629,-53.73004659,-17.99919696,Cerrado
Cell_3633,-51.73004659,-17.99919696,Cerrado
Cell_3635,-50.73004659,-17.99919696,Cerrado
Cell_3639,-48.73004659,-17.99919696,Atlantica
Cell_3641,-47.73004659,-17.99919696,Cerrado
Cell_3646,-45.23004659,-17.99919696,Cerrado
Cell_3648,-44.23004659,-17.99919696,Cerrado
Cell_3649,-43.73004659,-17.99919696,Cerrado
Cell_3650,-43.23004659,-17.99919696,Cerrado
Cell_3651,-42.73004659,-17.99919696,Atlantica
Cell_3705,-54.73004659,-18.49919696,Cerrado
Cell_3709,-52.73004659,-18.49919696,Cerrado
Cell_3711,-51.73004659,-18.49919696,Cerrado
Cell_3712,-51.23004659,-18.49919696,Cerrado
Cell_3721,-46.73004659,-18.49919696,Cerrado
Cell_3724,-45.23004659,-18.49919696,Cerrado
Cell_3725,-44.73004659,-18.49919696,Cerrado
Cell_3726,-44.23004659,-18.49919696,Cerrado
Cell_3727,-43.73004659,-18.49919696,Cerrado
Cell_3728,-43.23004659,-18.49919696,Atlantica
Cell_3778,-57.23004659,-18.99919696,Cerrado
Cell_3779,-56.73004659,-18.99919696,Cerrado
Cell_3793,-49.73004659,-18.99919696,Cerrado
Cell_3794,-49.23004659,-18.99919696,Cerrado
Cell_3796,-48.23004659,-18.99919696,Cerrado
Cell_3798,-47.23004659,-18.99919696,Cerrado
Cell_3799,-46.73004659,-18.99919696,Cerrado
Cell_3803,-44.73004659,-18.99919696,Cerrado
Cell_3805,-43.73004659,-18.99919696,Cerrado
Cell_3806,-43.23004659,-18.99919696,Atlantica
Cell_3807,-42.73004659,-18.99919696,Atlantica
Cell_3810,-41.23004659,-18.99919696,Atlantica
Cell_3811,-40.73004659,-18.99919696,Atlantica
Cell_3812,-40.23004659,-18.99919696,Atlantica
Cell_3856,-57.23004659,-19.49919696,Cerrado
Cell_3861,-54.73004659,-19.49919696,Cerrado
Cell_3862,-54.23004659,-19.49919696,Cerrado
Cell_3868,-51.23004659,-19.49919696,Cerrado
Cell_3870,-50.23004659,-19.49919696,Cerrado
Cell_3875,-47.73004659,-19.49919696,Cerrado
Cell_3876,-47.23004659,-19.49919696,Cerrado
Cell_3877,-46.73004659,-19.49919696,Cerrado
Cell_3878,-46.23004659,-19.49919696,Cerrado
Cell_3882,-44.23004659,-19.49919696,Cerrado
Cell_3883,-43.73004659,-19.49919696,Cerrado
Cell_3884,-43.23004659,-19.49919696,Atlantica
Cell_3885,-42.73004659,-19.49919696,Atlantica
Cell_3886,-42.23004659,-19.49919696,Atlantica
Cell_3888,-41.23004659,-19.49919696,Atlantica
Cell_3890,-40.23004659,-19.49919696,Atlantica
Cell_3939,-54.73004659,-19.99919696,Cerrado
Cell_3940,-54.23004659,-19.99919696,Cerrado
Cell_3951,-48.73004659,-19.99919696,Cerrado
Cell_3954,-47.23004659,-19.99919696,Cerrado
Cell_3955,-46.73004659,-19.99919696,Cerrado
Cell_3956,-46.23004659,-19.99919696,Cerrado
Cell_3957,-45.73004659,-19.99919696,Cerrado
Cell_3960,-44.23004659,-19.99919696,Atlantica
Cell_3961,-43.73004659,-19.99919696,Atlantica
Cell_3962,-43.23004659,-19.99919696,Atlantica
Cell_3964,-42.23004659,-19.99919696,Atlantica
Cell_3966,-41.23004659,-19.99919696,Atlantica
Cell_3967,-40.73004659,-19.99919696,Atlantica
Cell_3968,-40.23004659,-19.99919696,Atlantica
Cell_4017,-54.73004659,-20.49919696,Cerrado
Cell_4018,-54.23004659,-20.49919696,Cerrado
Cell_4031,-47.73004659,-20.49919696,Cerrado
Cell_4032,-47.23004659,-20.49919696,Cerrado
Cell_4033,-46.73004659,-20.49919696,Cerrado
Cell_4034,-46.23004659,-20.49919696,Cerrado
Cell_4035,-45.73004659,-20.49919696,Cerrado
Cell_4036,-45.23004659,-20.49919696,Atlantica
Cell_4037,-44.73004659,-20.49919696,Atlantica
Cell_4038,-44.23004659,-20.49919696,Atlantica
Cell_4039,-43.73004659,-20.49919696,Atlantica
Cell_4040,-43.23004659,-20.49919696,Atlantica
Cell_4041,-42.73004659,-20.49919696,Atlantica
Cell_4042,-42.23004659,-20.49919696,Atlantica
Cell_4043,-41.73004659,-20.49919696,Atlantica
Cell_4044,-41.23004659,-20.49919696,Atlantica
Cell_4045,-40.73004659,-20.49919696,Atlantica
Cell_4101,-51.73004659,-20.99919696,Atlantica
Cell_4109,-47.73004659,-20.99919696,Cerrado
Cell_4110,-47.23004659,-20.99919696,Cerrado
Cell_4111,-46.73004659,-20.99919696,Atlantica
Cell_4112,-46.23004659,-20.99919696,Atlantica
Cell_4113,-45.73004659,-20.99919696,Cerrado
Cell_4114,-45.23004659,-20.99919696,Atlantica
Cell_4115,-44.73004659,-20.99919696,Atlantica
Cell_4116,-44.23004659,-20.99919696,Atlantica
Cell_4117,-43.73004659,-20.99919696,Atlantica
Cell_4119,-42.73004659,-20.99919696,Atlantica
Cell_4120,-42.23004659,-20.99919696,Atlantica
Cell_4121,-41.73004659,-20.99919696,Atlantica
Cell_4122,-41.23004659,-20.99919696,Atlantica
Cell_4174,-54.23004659,-21.49919696,Cerrado
Cell_4178,-52.23004659,-21.49919696,Cerrado
Cell_4186,-48.23004659,-21.49919696,Cerrado
Cell_4187,-47.73004659,-21.49919696,Cerrado
Cell_4188,-47.23004659,-21.49919696,Atlantica
Cell_4190,-46.23004659,-21.49919696,Atlantica
Cell_4192,-45.23004659,-21.49919696,Atlantica
Cell_4193,-44.73004659,-21.49919696,Atlantica
Cell_4194,-44.23004659,-21.49919696,Atlantica
Cell_4195,-43.73004659,-21.49919696,Atlantica
Cell_4196,-43.23004659,-21.49919696,Atlantica
Cell_4200,-41.23004659,-21.49919696,Atlantica
Cell_4251,-54.73004659,-21.99919696,Atlantica
Cell_4256,-52.23004659,-21.99919696,Atlantica
Cell_4263,-48.73004659,-21.99919696,Atlantica
Cell_4266,-47.23004659,-21.99919696,Atlantica
Cell_4267,-46.73004659,-21.99919696,Atlantica
Cell_4268,-46.23004659,-21.99919696,Atlantica
Cell_4271,-44.73004659,-21.99919696,Atlantica
Cell_4272,-44.23004659,-21.99919696,Atlantica
Cell_4273,-43.73004659,-21.99919696,Atlantica
Cell_4274,-43.23004659,-21.99919696,Atlantica
Cell_4275,-42.73004659,-21.99919696,Atlantica
Cell_4276,-42.23004659,-21.99919696,Atlantica
Cell_4277,-41.73004659,-21.99919696,Atlantica
Cell_4278,-41.23004659,-21.99919696,Atlantica
Cell_4329,-54.73004659,-22.49919696,Atlantica
Cell_4340,-49.23004659,-22.49919696,Cerrado
Cell_4343,-47.73004659,-22.49919696,Cerrado
Cell_4344,-47.23004659,-22.49919696,Cerrado
Cell_4345,-46.73004659,-22.49919696,Atlantica
Cell_4346,-46.23004659,-22.49919696,Atlantica
Cell_4347,-45.73004659,-22.49919696,Atlantica
Cell_4348,-45.23004659,-22.49919696,Atlantica
Cell_4349,-44.73004659,-22.49919696,Atlantica
Cell_4350,-44.23004659,-22.49919696,Atlantica
Cell_4351,-43.73004659,-22.49919696,Atlantica
Cell_4352,-43.23004659,-22.49919696,Atlantica
Cell_4353,-42.73004659,-22.49919696,Atlantica
Cell_4354,-42.23004659,-22.49919696,Atlantica
Cell_4406,-55.23004659,-22.99919696,Atlantica
Cell_4417,-49.73004659,-22.99919696,Atlantica
Cell_4419,-48.73004659,-22.99919696,Cerrado
Cell_4420,-48.23004659,-22.99919696,Atlantica
Cell_4422,-47.23004659,-22.99919696,Atlantica
Cell_4423,-46.73004659,-22.99919696,Atlantica
Cell_4424,-46.23004659,-22.99919696,Atlantica
Cell_4425,-45.73004659,-22.99919696,Atlantica
Cell_4426,-45.23004659,-22.99919696,Atlantica
Cell_4427,-44.73004659,-22.99919696,Atlantica
Cell_4428,-44.23004659,-22.99919696,Atlantica
Cell_4485,-54.73004659,-23.49919696,Atlantica
Cell_4491,-51.73004659,-23.49919696,Atlantica
Cell_4492,-51.23004659,-23.49919696,Atlantica
Cell_4493,-50.73004659,-23.49919696,Atlantica
Cell_4494,-50.23004659,-23.49919696,Atlantica
Cell_4497,-48.73004659,-23.49919696,Cerrado
Cell_4498,-48.23004659,-23.49919696,Atlantica
Cell_4500,-47.23004659,-23.49919696,Atlantica
Cell_4501,-46.73004659,-23.49919696,Atlantica
Cell_4502,-46.23004659,-23.49919696,Atlantica
Cell_4503,-45.73004659,-23.49919696,Atlantica
Cell_4504,-45.23004659,-23.49919696,Atlantica
Cell_4564,-54.23004659,-23.99919696,Atlantica
Cell_4570,-51.23004659,-23.99919696,Atlantica
Cell_4571,-50.73004659,-23.99919696,Atlantica
Cell_4572,-50.23004659,-23.99919696,Atlantica
Cell_4573,-49.73004659,-23.99919696,Atlantica
Cell_4574,-49.23004659,-23.99919696,Cerrado
Cell_4575,-48.73004659,-23.99919696,Atlantica
Cell_4576,-48.23004659,-23.99919696,Atlantica
Cell_4577,-47.73004659,-23.99919696,Atlantica
Cell_4578,-47.23004659,-23.99919696,Atlantica
Cell_4579,-46.73004659,-23.99919696,Atlantica
Cell_4650,-50.23004659,-24.49919696,Cerrado
Cell_4651,-49.73004659,-24.49919696,Atlantica
Cell_4652,-49.23004659,-24.49919696,Atlantica
Cell_4653,-48.73004659,-24.49919696,Atlantica
Cell_4654,-48.23004659,-24.49919696,Atlantica
Cell_4655,-47.73004659,-24.49919696,Atlantica
Cell_4656,-47.23004659,-24.49919696,Atlantica
Cell_4726,-51.23004659,-24.99919696,Atlantica
Cell_4727,-50.73004659,-24.99919696,Atlantica
Cell_4728,-50.23004659,-24.99919696,Atlantica
Cell_4729,-49.73004659,-24.99919696,Atlantica
Cell_4730,-49.23004659,-24.99919696,Atlantica
Cell_4800,-53.23004659,-25.49919696,Atlantica
Cell_4804,-51.23004659,-25.49919696,Atlantica
Cell_4806,-50.23004659,-25.49919696,Atlantica
Cell_4807,-49.73004659,-25.49919696,Atlantica
Cell_4808,-49.23004659,-25.49919696,Atlantica
Cell_4809,-48.73004659,-25.49919696,Atlantica
Cell_4879,-52.73004659,-25.99919696,Atlantica
Cell_4881,-51.73004659,-25.99919696,Atlantica
Cell_4882,-51.23004659,-25.99919696,Atlantica
Cell_4883,-50.73004659,-25.99919696,Atlantica
Cell_4884,-50.23004659,-25.99919696,Atlantica
Cell_4885,-49.73004659,-25.99919696,Atlantica
Cell_4886,-49.23004659,-25.99919696,Atlantica
Cell_4887,-48.73004659,-25.99919696,Atlantica
Cell_4956,-53.23004659,-26.49919696,Atlantica
Cell_4958,-52.23004659,-26.49919696,Atlantica
Cell_4959,-51.73004659,-26.49919696,Atlantica
Cell_4960,-51.23004659,-26.49919696,Atlantica
Cell_4964,-49.23004659,-26.49919696,Atlantica
Cell_4965,-48.73004659,-26.49919696,Atlantica
Cell_5033,-53.73004659,-26.99919696,Atlantica
Cell_5036,-52.23004659,-26.99919696,Atlantica
Cell_5037,-51.73004659,-26.99919696,Atlantica
Cell_5038,-51.23004659,-26.99919696,Atlantica
Cell_5039,-50.73004659,-26.99919696,Atlantica
Cell_5040,-50.23004659,-26.99919696,Atlantica
Cell_5041,-49.73004659,-26.99919696,Atlantica
Cell_5042,-49.23004659,-26.99919696,Atlantica
Cell_5043,-48.73004659,-26.99919696,Atlantica
Cell_5110,-54.23004659,-27.49919696,Atlantica
Cell_5113,-52.73004659,-27.49919696,Atlantica
Cell_5116,-51.23004659,-27.49919696,Atlantica
Cell_5118,-50.23004659,-27.49919696,Atlantica
Cell_5120,-49.23004659,-27.49919696,Atlantica
Cell_5121,-48.73004659,-27.49919696,Atlantica
Cell_5194,-51.23004659,-27.99919696,Atlantica
Cell_5195,-50.73004659,-27.99919696,Atlantica
Cell_5196,-50.23004659,-27.99919696,Atlantica
Cell_5197,-49.73004659,-27.99919696,Atlantica
Cell_5198,-49.23004659,-27.99919696,Atlantica
Cell_5199,-48.73004659,-27.99919696,Atlantica
Cell_5267,-53.73004659,-28.49919696,Atlantica
Cell_5269,-52.73004659,-28.49919696,Atlantica
Cell_5270,-52.23004659,-28.49919696,Atlantica
Cell_5271,-51.73004659,-28.49919696,Atlantica
Cell_5273,-50.73004659,-28.49919696,Atlantica
Cell_5274,-50.23004659,-28.49919696,Atlantica
Cell_5275,-49.73004659,-28.49919696,Atlantica
Cell_5276,-49.23004659,-28.49919696,Atlantica
Cell_5343,-54.73004659,-28.99919696,Pampa
Cell_5345,-53.73004659,-28.99919696,Pampa
Cell_5347,-52.73004659,-28.99919696,Atlantica
Cell_5350,-51.23004659,-28.99919696,Atlantica
Cell_5351,-50.73004659,-28.99919696,Atlantica
Cell_5352,-50.23004659,-28.99919696,Atlantica
Cell_5353,-49.73004659,-28.99919696,Atlantica
Cell_5423,-53.73004659,-29.49919696,Pampa
Cell_5424,-53.23004659,-29.49919696,Atlantica
Cell_5426,-52.23004659,-29.49919696,Atlantica
Cell_5427,-51.73004659,-29.49919696,Atlantica
Cell_5428,-51.23004659,-29.49919696,Atlantica
Cell_5429,-50.73004659,-29.49919696,Atlantica
Cell_5430,-50.23004659,-29.49919696,Atlantica
Cell_5505,-51.73004659,-29.99919696,Pampa
Cell_5506,-51.23004659,-29.99919696,Pampa
Cell_5507,-50.73004659,-29.99919696,Pampa
Cell_5508,-50.23004659,-29.99919696,Pampa
Cell_5574,-56.23004659,-30.49919696,Pampa
Cell_5579,-53.73004659,-30.49919696,Pampa
Cell_5584,-51.23004659,-30.49919696,Pampa
Cell_5657,-53.73004659,-30.99919696,Pampa
Cell_5663,-50.73004659,-30.99919696,Pampa
Cell_5737,-52.73004659,-31.49919696,Pampa
Cell_5740,-51.23004659,-31.49919696,Pampa
Cell_5813,-53.73004659,-31.99919696,Pampa
Cell_5815,-52.73004659,-31.99919696,Pampa
Cell_5816,-52.23004659,-31.99919696,Pampa
Cell_5893,-52.73004659,-32.49919696,Pampa
Cell_5971,-52.73004659,-32.99919696,Pampa
